City_ID,City,Country,Date,Lat,Lng,Max Temp,Humidity,Cloudiness,Wind Speed,Current Description,Rain inches (last 3 hrs),Snow inches (last 3 hrs)
0,Cape Town,ZA,2020-05-01 23:11:43,-33.93,18.42,51.8,100,47,1.12,fog,0,0
1,Bengkulu,ID,2020-05-01 23:11:43,-3.8,102.27,77.22,85,100,10.07,overcast clouds,0,0
2,Kapaa,US,2020-05-01 23:11:43,22.08,-159.32,78.8,74,75,20.8,broken clouds,0,0
3,Ribeira Grande,PT,2020-05-01 23:11:43,38.52,-28.7,62.89,77,47,28.21,light rain,0,0
4,Yellowknife,CA,2020-05-01 23:11:39,62.46,-114.35,37.4,64,75,2.24,broken clouds,0,0
5,Mahanoro,MG,2020-05-01 23:11:45,-19.9,48.8,70.9,87,16,3.71,few clouds,0,0
6,Touros,BR,2020-05-01 23:11:45,-5.2,-35.46,80.6,88,20,4.7,few clouds,0,0
7,Fenoarivo,MG,2020-05-01 23:11:45,-18.93,47.44,59.0,93,40,2.98,scattered clouds,0,0
8,Castro,BR,2020-05-01 23:11:45,-24.79,-50.01,61.18,67,100,2.44,overcast clouds,0,0
9,Tiarei,PF,2020-05-01 23:11:45,-17.53,-149.33,87.8,66,39,3.36,light rain,0,0
10,Thompson,CA,2020-05-01 23:11:45,55.74,-97.86,35.6,80,90,16.11,overcast clouds,0,0
11,Ilulissat,GL,2020-05-01 23:11:46,69.22,-51.1,30.2,92,100,11.41,light snow,0,0
12,Hilo,US,2020-05-01 23:11:46,19.73,-155.09,79.0,69,90,9.17,light rain,0,0
13,Okhotsk,RU,2020-05-01 23:11:46,59.38,143.3,30.79,98,100,28.39,snow,0,0
14,Vao,NC,2020-05-01 23:11:46,-22.67,167.48,76.6,81,0,17.72,clear sky,0,0
15,Puerto Ayora,EC,2020-05-01 23:11:47,-0.74,-90.35,82.4,74,20,16.11,few clouds,0,0
16,Tsuruga,JP,2020-05-01 23:11:47,35.65,136.06,66.0,80,0,1.99,clear sky,0,0
17,Hobart,AU,2020-05-01 23:08:47,-42.88,147.33,51.01,76,40,18.34,light rain,0,0
18,Ostrovnoy,RU,2020-05-01 23:11:47,68.05,39.51,19.36,94,76,5.84,broken clouds,0,0
19,Barrow,US,2020-05-01 23:10:02,71.29,-156.79,21.2,79,90,8.05,overcast clouds,0,0
20,Bluff,NZ,2020-05-01 23:11:48,-46.6,168.33,56.17,69,100,16.04,overcast clouds,0,0
21,Port Alfred,ZA,2020-05-01 23:11:48,-33.59,26.89,64.0,88,76,5.01,broken clouds,0,0
22,Mataura,NZ,2020-05-01 23:11:48,-46.19,168.86,54.95,66,100,7.14,overcast clouds,0,0
23,Severo-Kurilsk,RU,2020-05-01 23:11:49,50.68,156.12,40.95,84,39,8.05,scattered clouds,0,0
24,Jamestown,US,2020-05-01 23:09:56,42.1,-79.24,48.2,87,90,11.41,overcast clouds,0,0
25,Kattivakkam,IN,2020-05-01 23:11:50,13.22,80.32,86.0,84,69,5.82,broken clouds,0,0
26,Road Town,VG,2020-05-01 23:07:37,18.42,-64.62,81.0,80,9,15.01,clear sky,0,0
27,Rikitea,PF,2020-05-01 23:11:50,-23.12,-134.97,79.38,83,100,17.92,light rain,0,0
28,Busselton,AU,2020-05-01 23:11:50,-33.65,115.33,51.01,41,44,10.16,scattered clouds,0,0
29,Moron,AR,2020-05-01 23:11:50,-34.65,-58.62,63.0,100,22,9.15,few clouds,0,0
30,Kodiak,US,2020-05-01 23:11:51,57.79,-152.41,46.4,61,90,10.29,overcast clouds,0,0
31,Tibiri,NE,2020-05-01 23:11:51,13.56,7.05,90.43,25,45,8.19,scattered clouds,0,0
32,Torbay,CA,2020-05-01 23:11:51,47.67,-52.73,52.0,20,75,17.22,broken clouds,0,0
33,Lakhdenpokhya,RU,2020-05-01 23:11:51,61.52,30.2,35.01,85,56,7.02,broken clouds,0,0
34,Bethel,US,2020-05-01 23:10:57,41.37,-73.41,59.0,82,90,6.93,moderate rain,0,0
35,Grindavik,IS,2020-05-01 23:11:52,63.84,-22.43,37.4,74,75,10.29,broken clouds,0,0
36,Quesnel,CA,2020-05-01 23:11:45,53.0,-122.5,62.6,29,40,6.93,scattered clouds,0,0
37,Sao Filipe,CV,2020-05-01 23:11:52,14.9,-24.5,77.16,62,0,7.34,clear sky,0,0
38,Atuona,PF,2020-05-01 23:11:52,-9.8,-139.03,81.99,78,20,17.45,light rain,0,0
39,Ushuaia,AR,2020-05-01 23:11:53,-54.8,-68.3,44.6,70,40,16.11,scattered clouds,0,0
40,Yaan,NG,2020-05-01 23:11:53,7.38,8.57,78.08,77,35,4.14,scattered clouds,0,0
41,Saldanha,ZA,2020-05-01 23:11:53,-33.01,17.94,57.2,93,13,8.05,few clouds,0,0
42,Lompoc,US,2020-05-01 23:07:25,34.64,-120.46,69.8,43,1,18.34,clear sky,0,0
43,Aljezur,PT,2020-05-01 23:11:53,37.32,-8.8,63.0,92,67,3.0,broken clouds,0,0
44,Cilegon,ID,2020-05-01 23:11:53,-6.02,106.05,78.8,83,40,13.87,scattered clouds,0,0
45,San Andres,CO,2020-05-01 23:11:54,12.58,-81.7,86.0,70,75,12.75,broken clouds,0,0
46,Santona,ES,2020-05-01 23:10:58,43.44,-3.46,63.0,88,40,4.81,scattered clouds,0,0
47,Grand Gaube,MU,2020-05-01 23:11:54,-20.01,57.66,71.01,73,71,4.0,broken clouds,0,0
48,Cidreira,BR,2020-05-01 23:11:05,-30.18,-50.21,62.87,71,8,8.66,clear sky,0,0
49,Puerto Leguizamo,CO,2020-05-01 23:11:54,-0.19,-74.78,76.59,89,75,1.57,light rain,0,0
50,Lasa,IT,2020-05-01 23:11:55,46.62,10.7,45.0,87,75,3.36,light rain,0,0
51,Punta Arenas,CL,2020-05-01 23:11:55,-53.15,-70.92,48.2,76,75,17.22,broken clouds,0,0
52,Qaanaaq,GL,2020-05-01 23:11:55,77.48,-69.36,15.93,90,38,4.0,scattered clouds,0,0
53,Hermanus,ZA,2020-05-01 23:11:55,-34.42,19.23,57.0,93,54,1.7,broken clouds,0,0
54,Sao Joao Da Barra,BR,2020-05-01 23:11:55,-21.64,-41.05,72.37,89,0,8.08,clear sky,0,0
55,Norman Wells,CA,2020-05-01 23:11:55,65.28,-126.83,37.4,59,20,8.05,few clouds,0,0
56,Ahipara,NZ,2020-05-01 23:11:56,-35.17,173.17,68.45,67,90,15.75,overcast clouds,0,0
57,Nantucket,US,2020-05-01 23:11:41,41.28,-70.1,55.99,87,1,6.93,clear sky,0,0
58,Shintomi,JP,2020-05-01 23:11:56,32.08,131.47,62.6,82,85,5.82,overcast clouds,0,0
59,Avarua,CK,2020-05-01 23:11:56,-21.21,-159.78,73.4,73,100,8.05,light rain,0,0
60,Dikson,RU,2020-05-01 23:11:56,73.51,80.55,14.0,96,88,9.82,overcast clouds,0,0
61,Hay River,CA,2020-05-01 23:11:57,60.82,-115.8,35.6,78,40,10.29,scattered clouds,0,0
62,Saint-Philippe,RE,2020-05-01 23:11:57,-21.36,55.77,69.8,73,51,6.93,broken clouds,0,0
63,Verkhoyansk,RU,2020-05-01 23:11:57,67.54,133.38,19.9,91,94,1.45,overcast clouds,0,0
64,Sitka,US,2020-05-01 23:11:57,57.05,-135.33,53.6,46,75,10.29,broken clouds,0,0
65,Chokurdakh,RU,2020-05-01 23:11:57,70.63,147.92,20.62,97,100,5.37,overcast clouds,0,0
66,Hamilton,US,2020-05-01 23:11:58,39.18,-84.53,68.0,32,20,5.03,light rain,0,0
67,Kaitangata,NZ,2020-05-01 23:11:58,-46.28,169.85,60.01,49,92,1.99,overcast clouds,0,0
68,Soe,ID,2020-05-01 23:11:58,-9.86,124.28,68.59,71,77,3.89,broken clouds,0,0
69,Finspang,SE,2020-05-01 23:11:58,58.71,15.77,46.4,87,91,11.41,overcast clouds,0,0
70,Manjacaze,MZ,2020-05-01 23:11:58,-24.71,33.88,65.5,92,2,3.09,clear sky,0,0
71,Saint-Joseph,RE,2020-05-01 23:11:59,-21.37,55.62,69.8,73,50,6.93,scattered clouds,0,0
72,Port Blair,IN,2020-05-01 23:11:59,11.67,92.75,81.34,78,100,6.02,overcast clouds,0,0
73,Sawankhalok,TH,2020-05-01 23:11:59,17.32,99.83,82.0,78,96,1.66,overcast clouds,0,0
74,Hithadhoo,MV,2020-05-01 23:11:59,-0.6,73.08,84.94,76,10,12.17,clear sky,0,0
75,San Patricio,MX,2020-05-01 23:11:59,19.22,-104.7,82.4,69,5,11.41,clear sky,0,0
76,Comodoro Rivadavia,AR,2020-05-01 23:10:56,-45.87,-67.5,55.4,62,100,9.17,overcast clouds,0,0
77,Christchurch,NZ,2020-05-01 23:12:00,-43.53,172.63,66.2,39,23,4.7,few clouds,0,0
78,Morondava,MG,2020-05-01 23:12:00,-20.28,44.28,75.87,70,0,11.25,clear sky,0,0
79,Santo Antonio Do Ica,BR,2020-05-01 23:12:00,-3.1,-67.94,78.94,86,96,0.83,overcast clouds,0,0
80,Ponta Do Sol,PT,2020-05-01 23:12:00,32.67,-17.1,66.2,77,40,2.24,scattered clouds,0,0
81,Makokou,GA,2020-05-01 23:12:01,0.57,12.86,71.64,84,84,1.83,moderate rain,0,0
82,Broome,US,2020-05-01 23:12:01,42.25,-75.83,55.0,87,90,9.17,overcast clouds,0,0
83,Albany,US,2020-05-01 23:10:25,42.6,-73.97,57.99,75,98,15.01,light rain,0,0
84,Lorengau,PG,2020-05-01 23:12:01,-2.02,147.27,84.52,75,50,6.73,light rain,0,0
85,Vaini,TO,2020-05-01 23:12:02,-21.2,-175.2,80.6,69,20,11.41,few clouds,0,0
86,Wahiawa,US,2020-05-01 23:12:02,21.5,-158.02,84.2,61,90,8.05,overcast clouds,0,0
87,Carnarvon,AU,2020-05-01 23:12:02,-24.87,113.63,60.8,51,0,1.12,clear sky,0,0
88,Mattru,SL,2020-05-01 23:12:02,7.62,-11.83,78.53,91,80,2.89,broken clouds,0,0
89,New Norfolk,AU,2020-05-01 23:11:42,-42.78,147.06,51.01,83,98,3.0,light rain,0,0
90,Sobolevo,RU,2020-05-01 23:12:03,54.43,31.9,45.01,76,88,10.49,overcast clouds,0,0
91,Sur,OM,2020-05-01 23:12:03,22.57,59.53,86.76,55,0,10.4,clear sky,0,0
92,Airai,TL,2020-05-01 23:12:03,-8.93,125.41,62.1,66,36,3.42,scattered clouds,0,0
93,Slavsk,RU,2020-05-01 23:12:03,55.04,21.68,48.85,97,99,2.28,moderate rain,0,0
94,Sabang,ID,2020-05-01 23:12:03,5.89,95.32,79.54,81,100,10.22,light rain,0,0
95,Alugan,PH,2020-05-01 23:12:03,12.22,125.48,81.05,85,29,9.06,light rain,0,0
96,Namibe,AO,2020-05-01 23:12:04,-15.2,12.15,79.56,63,22,1.07,few clouds,0,0
97,Chapais,CA,2020-05-01 23:12:04,49.78,-74.85,44.6,80,75,9.17,broken clouds,0,0
98,Hasaki,JP,2020-05-01 23:12:04,35.73,140.83,66.0,88,0,5.82,clear sky,0,0
99,Progreso,MX,2020-05-01 23:12:04,21.28,-89.67,87.8,43,20,13.87,few clouds,0,0
100,Klaksvik,FO,2020-05-01 23:12:04,62.23,-6.59,41.0,78,81,9.17,broken clouds,0,0
101,Victoria,HK,2020-05-01 23:10:39,22.29,114.16,75.0,83,79,4.0,broken clouds,0,0
102,Nanortalik,GL,2020-05-01 23:12:05,60.14,-45.24,35.64,83,50,4.99,scattered clouds,0,0
103,Saint Pete Beach,US,2020-05-01 23:12:05,27.73,-82.74,75.99,44,1,11.41,clear sky,0,0
104,Noyabrsk,RU,2020-05-01 23:12:05,63.2,75.45,32.14,95,100,6.53,light snow,0,0
105,Milkovo,RU,2020-05-01 23:12:05,54.72,158.62,38.19,70,52,0.47,broken clouds,0,0
106,Botwood,CA,2020-05-01 23:12:06,49.15,-55.35,46.0,42,97,10.07,overcast clouds,0,0
107,Nishihara,JP,2020-05-01 23:12:06,26.18,127.76,71.6,94,90,12.75,light rain,0,0
108,Waspan,NI,2020-05-01 23:12:06,14.74,-83.97,87.8,66,20,5.82,few clouds,0,0
109,Mount Gambier,AU,2020-05-01 23:12:06,-37.83,140.77,50.0,81,90,14.99,overcast clouds,0,0
110,Mullovka,RU,2020-05-01 23:12:07,54.2,49.4,44.6,93,90,11.18,overcast clouds,0,0
111,Cam Ranh,VN,2020-05-01 23:12:07,11.92,109.16,78.8,88,20,3.36,few clouds,0,0
112,Alenquer,BR,2020-05-01 23:12:07,-1.94,-54.74,82.4,83,20,4.7,few clouds,0,0
113,Lavrentiya,RU,2020-05-01 23:12:07,65.58,-171.0,27.5,93,1,7.16,clear sky,0,0
114,Eureka,US,2020-05-01 23:07:10,40.8,-124.16,66.0,65,1,8.01,clear sky,0,0
115,Mitha Tiwana,PK,2020-05-01 23:12:07,32.25,72.11,80.37,51,99,11.52,overcast clouds,0,0
116,Macusani,PE,2020-05-01 23:12:08,-14.08,-70.43,37.42,23,95,4.47,overcast clouds,0,0
117,Hirara,JP,2020-05-01 23:12:08,24.8,125.28,77.0,94,75,13.87,broken clouds,0,0
118,El Alto,PE,2020-05-01 23:12:08,-4.27,-81.21,72.88,70,41,8.21,scattered clouds,0,0
119,Tuktoyaktuk,CA,2020-05-01 23:12:08,69.45,-133.04,24.8,73,90,4.7,overcast clouds,0,0
120,East London,ZA,2020-05-01 23:12:08,-33.02,27.91,67.17,53,82,7.18,broken clouds,0,0
121,Mar Del Plata,AR,2020-05-01 23:11:05,-38.0,-57.56,55.99,82,0,6.93,clear sky,0,0
122,Korhogo,CI,2020-05-01 23:12:09,9.45,-5.63,83.34,55,90,6.53,overcast clouds,0,0
123,Altay,CN,2020-05-01 23:12:09,47.87,88.12,47.7,35,0,3.0,clear sky,0,0
124,Faya,SA,2020-05-01 23:12:09,18.39,42.45,66.2,82,20,0.45,few clouds,0,0
125,Borogontsy,RU,2020-05-01 23:12:09,62.67,131.17,25.57,95,69,8.19,broken clouds,0,0
126,Arraial Do Cabo,BR,2020-05-01 23:12:10,-22.97,-42.03,74.28,86,7,9.69,clear sky,0,0
127,Champerico,GT,2020-05-01 23:12:10,14.3,-91.92,84.2,79,75,9.17,thunderstorm,0,0
128,Kahului,US,2020-05-01 23:12:10,20.89,-156.47,82.4,61,40,26.4,scattered clouds,0,0
129,Moba,CN,2020-05-01 23:12:10,33.23,105.02,52.81,36,55,2.51,broken clouds,0,0
130,Arlit,NE,2020-05-01 23:12:10,18.74,7.39,88.93,10,19,3.89,few clouds,0,0
131,Shingu,JP,2020-05-01 23:12:11,33.73,135.98,68.59,61,0,2.86,clear sky,0,0
132,Madeji,PK,2020-05-01 23:12:11,27.75,68.45,87.8,48,40,5.26,haze,0,0
133,Rundu,NA,2020-05-01 23:12:11,-17.93,19.77,61.36,31,0,3.04,clear sky,0,0
134,Bambanglipuro,ID,2020-05-01 23:12:11,-7.95,110.28,75.58,88,54,3.67,broken clouds,0,0
135,Fortuna,US,2020-05-01 23:12:11,40.6,-124.16,69.01,60,20,11.41,few clouds,0,0
136,Barcelos,PT,2020-05-01 23:12:11,41.54,-8.62,60.8,100,75,9.17,mist,0,0
137,Pouso Alegre,BR,2020-05-01 23:12:12,-22.23,-45.94,61.65,67,1,1.81,clear sky,0,0
138,Mehamn,NO,2020-05-01 23:12:12,71.04,27.85,31.53,96,35,10.98,scattered clouds,0,0
139,Oparino,RU,2020-05-01 23:12:12,59.85,48.28,27.27,97,74,5.17,broken clouds,0,0
140,Kidal,ML,2020-05-01 23:12:12,18.44,1.41,90.81,10,22,12.53,few clouds,0,0
141,Buala,SB,2020-05-01 23:12:12,-8.14,159.59,85.84,72,86,8.41,overcast clouds,0,0
142,Kozmodemyansk,RU,2020-05-01 23:12:13,56.34,46.57,35.6,93,0,4.47,clear sky,0,0
143,Umm Lajj,SA,2020-05-01 23:12:13,25.02,37.27,75.16,48,0,4.59,clear sky,0,0
144,Port Elizabeth,ZA,2020-05-01 23:12:13,-33.92,25.57,57.2,93,43,3.36,scattered clouds,0,0
145,Narsaq,GL,2020-05-01 23:12:13,60.92,-46.05,41.0,56,77,9.17,broken clouds,0,0
146,Chicama,PE,2020-05-01 23:12:13,-7.84,-79.15,73.62,66,25,8.12,scattered clouds,0,0
147,Esperance,AU,2020-05-01 23:12:14,-33.87,121.9,48.2,81,81,13.87,broken clouds,0,0
148,Simpang,ID,2020-05-01 23:12:14,-1.27,104.08,73.09,98,100,1.92,moderate rain,0,0
149,Mufulira,ZM,2020-05-01 23:12:14,-12.55,28.24,61.63,65,4,4.56,clear sky,0,0
150,Souillac,MU,2020-05-01 23:12:14,-20.52,57.52,75.2,73,20,9.17,few clouds,0,0
151,Nkhotakota,MW,2020-05-01 23:12:14,-12.93,34.3,73.56,70,46,4.47,light rain,0,0
152,Coromandel,BR,2020-05-01 23:12:15,-18.47,-47.2,61.95,60,2,2.35,clear sky,0,0
153,Kondoa,TZ,2020-05-01 23:12:15,-4.9,35.78,60.13,65,3,2.24,clear sky,0,0
154,Santa Cruz De La Palma,ES,2020-05-01 23:09:39,28.68,-17.76,68.0,72,90,9.17,overcast clouds,0,0
155,Odweyne,SO,2020-05-01 23:12:15,9.41,45.06,75.09,56,70,8.48,broken clouds,0,0
156,Oranjemund,NA,2020-05-01 23:12:15,-28.55,16.43,62.04,65,32,3.74,scattered clouds,0,0
157,Henties Bay,NA,2020-05-01 23:12:16,-22.12,14.28,59.0,94,0,9.17,clear sky,0,0
158,Leningradskiy,RU,2020-05-01 23:12:16,69.38,178.42,26.11,92,11,8.72,few clouds,0,0
159,San Jose,US,2020-05-01 23:11:25,37.34,-121.89,77.0,33,20,17.22,few clouds,0,0
160,Noumea,NC,2020-05-01 23:12:16,-22.28,166.46,82.4,61,0,8.05,clear sky,0,0
161,The Valley,AI,2020-05-01 23:08:17,18.22,-63.06,82.4,69,20,14.99,few clouds,0,0
162,San Jose De Guanipa,VE,2020-05-01 23:12:17,8.89,-64.17,88.92,46,62,14.85,light rain,0,0
163,Rio Grande,BR,2020-05-01 23:12:17,-32.03,-52.1,57.0,88,2,10.92,clear sky,0,0
164,Werda,BW,2020-05-01 23:12:17,-25.27,23.28,63.84,27,0,5.3,clear sky,0,0
165,Bougouni,ML,2020-05-01 23:12:17,11.42,-7.48,90.52,35,91,9.22,overcast clouds,0,0
166,Ca Mau,VN,2020-05-01 23:12:17,9.18,105.15,79.48,84,91,3.44,overcast clouds,0,0
167,Butaritari,KI,2020-05-01 23:12:18,3.07,172.79,83.52,80,71,19.93,moderate rain,0,0
168,Upernavik,GL,2020-05-01 23:12:18,72.79,-56.15,30.78,94,99,10.69,overcast clouds,0,0
169,Sakakah,SA,2020-05-01 23:10:20,29.97,40.21,71.6,17,3,13.87,clear sky,0,0
170,Balkanabat,TM,2020-05-01 23:09:04,39.51,54.37,64.0,66,0,3.58,clear sky,0,0
171,Cherskiy,RU,2020-05-01 23:12:19,68.75,161.3,31.89,95,65,13.82,broken clouds,0,0
172,Trincomalee,LK,2020-05-01 23:12:19,8.57,81.23,81.09,83,2,5.79,clear sky,0,0
173,Naryan-Mar,RU,2020-05-01 23:12:19,67.67,53.09,22.6,97,96,6.53,overcast clouds,0,0
174,Huarmey,PE,2020-05-01 23:12:19,-10.07,-78.15,71.74,76,17,8.08,few clouds,0,0
175,San Quintin,MX,2020-05-01 23:12:19,30.48,-115.95,68.76,69,2,11.54,clear sky,0,0
176,Katsuura,JP,2020-05-01 23:12:20,35.13,140.3,70.0,69,0,3.0,clear sky,0,0
177,Faanui,PF,2020-05-01 23:12:20,-16.48,-151.75,82.38,76,4,10.16,clear sky,0,0
178,Ulladulla,AU,2020-05-01 23:12:20,-35.35,150.47,55.99,50,93,35.57,overcast clouds,0,0
179,Tingi,TZ,2020-05-01 23:12:20,-11.3,35.03,61.83,68,16,4.45,few clouds,0,0
180,Sydney,AU,2020-05-01 23:10:26,-33.87,151.21,60.8,44,71,23.04,broken clouds,0,0
181,Nabire,ID,2020-05-01 23:12:21,-3.37,135.48,79.56,83,90,2.73,overcast clouds,0,0
182,Naze,JP,2020-05-01 23:12:21,28.37,129.48,69.8,83,75,10.29,broken clouds,0,0
183,Severnyy,RU,2020-05-01 23:12:21,50.68,36.55,51.8,93,20,8.95,few clouds,0,0
184,Owando,CG,2020-05-01 23:12:21,-0.48,15.9,72.63,88,100,3.22,overcast clouds,0,0
185,Maniitsoq,GL,2020-05-01 23:12:21,65.42,-52.9,33.22,90,97,12.03,overcast clouds,0,0
186,Clyde River,CA,2020-05-01 23:12:21,70.47,-68.59,12.2,85,40,14.99,scattered clouds,0,0
187,Manoharpur,IN,2020-05-01 23:12:22,27.3,75.95,86.0,22,20,3.36,haze,0,0
188,Paranaiba,BR,2020-05-01 23:12:22,-19.68,-51.19,70.18,59,1,1.39,clear sky,0,0
189,Quatre Cocos,MU,2020-05-01 23:12:22,-20.21,57.76,75.2,73,20,9.17,few clouds,0,0
190,Yarmouth,US,2020-05-01 23:12:22,41.71,-70.23,60.8,77,1,11.41,clear sky,0,0
191,Guiuan,PH,2020-05-01 23:12:23,11.03,125.72,81.75,83,100,11.92,light rain,0,0
192,Falam,MM,2020-05-01 23:12:23,22.92,93.68,54.54,63,0,2.51,clear sky,0,0
193,Chuy,UY,2020-05-01 23:12:23,-33.7,-53.46,56.28,91,29,11.05,light rain,0,0
194,Asopia,GR,2020-05-01 23:12:23,38.3,23.5,64.99,62,20,4.7,few clouds,0,0
195,Van Buren,US,2020-05-01 23:12:23,35.44,-94.35,84.2,35,1,11.41,clear sky,0,0
196,Angoche,MZ,2020-05-01 23:12:24,-16.23,39.91,76.17,83,13,7.74,few clouds,0,0
197,Sorong,ID,2020-05-01 23:12:24,-0.88,131.25,80.55,82,54,9.33,broken clouds,0,0
198,Suntar,RU,2020-05-01 23:12:24,62.14,117.63,28.33,88,100,9.75,overcast clouds,0,0
199,Oktyabrskoye,RU,2020-05-01 23:12:24,43.06,44.74,53.56,62,100,2.01,overcast clouds,0,0
200,Whithorn,JM,2020-05-01 23:12:24,18.26,-78.04,84.2,74,75,10.29,broken clouds,0,0
201,Gat,IL,2020-05-01 23:12:19,31.61,34.76,62.01,66,0,3.0,clear sky,0,0
202,Husavik,IS,2020-05-01 23:12:25,66.04,-17.34,33.8,86,90,10.29,light snow,0,0
203,Thunder Bay,CA,2020-05-01 23:12:25,48.4,-89.32,71.6,18,40,18.34,scattered clouds,0,0
204,Dingle,PH,2020-05-01 23:12:25,11.0,122.67,78.67,76,54,7.25,broken clouds,0,0
205,Bonthe,SL,2020-05-01 23:12:25,7.53,-12.51,81.82,84,89,6.76,overcast clouds,0,0
206,Pyapon,MM,2020-05-01 23:12:25,16.28,95.68,80.08,81,10,4.05,clear sky,0,0
207,Saint-Augustin,CA,2020-05-01 23:12:26,51.23,-58.65,34.77,87,99,15.17,overcast clouds,0,0
208,Tasiilaq,GL,2020-05-01 23:12:26,65.61,-37.64,30.2,74,0,4.7,clear sky,0,0
209,Warrnambool,AU,2020-05-01 23:12:26,-38.38,142.48,50.0,93,100,22.59,light rain,0,0
210,Port-Gentil,GA,2020-05-01 23:12:26,-0.72,8.78,81.82,85,100,13.29,overcast clouds,0,0
211,Constitucion,CL,2020-05-01 23:12:26,-35.33,-72.42,56.12,84,41,10.33,scattered clouds,0,0
212,Lodja,CD,2020-05-01 23:12:27,-3.48,23.43,70.99,84,82,0.72,broken clouds,0,0
213,Zaysan,KZ,2020-05-01 23:12:27,47.47,84.87,51.15,34,0,6.06,clear sky,0,0
214,Camacha,PT,2020-05-01 23:12:27,33.08,-16.33,66.2,82,40,3.36,scattered clouds,0,0
215,Aldan,RU,2020-05-01 23:12:28,58.6,125.39,19.04,91,100,14.16,snow,0,0
216,Lagoa,PT,2020-05-01 23:12:28,39.05,-27.98,62.38,78,58,32.41,broken clouds,0,0
217,Cabo San Lucas,MX,2020-05-01 23:08:04,22.89,-109.91,96.8,18,5,11.41,clear sky,0,0
218,Saraland,US,2020-05-01 23:09:10,30.82,-88.07,77.0,42,45,5.21,scattered clouds,0,0
219,Bredasdorp,ZA,2020-05-01 23:12:28,-34.53,20.04,51.8,93,43,3.36,scattered clouds,0,0
220,Hualmay,PE,2020-05-01 23:12:29,-11.1,-77.61,70.65,76,57,6.55,broken clouds,0,0
221,Nikolskoye,RU,2020-05-01 23:12:29,59.7,30.79,37.4,55,50,8.95,scattered clouds,0,0
222,Necochea,AR,2020-05-01 23:12:29,-38.55,-58.74,55.0,86,19,5.01,few clouds,0,0
223,Neuquen,AR,2020-05-01 23:12:29,-38.95,-68.06,62.6,33,87,5.82,overcast clouds,0,0
224,Vila Do Maio,CV,2020-05-01 23:12:30,15.13,-23.22,80.6,39,3,10.29,clear sky,0,0
225,Lebu,CL,2020-05-01 23:12:30,-37.62,-73.65,54.93,90,100,2.68,overcast clouds,0,0
226,Praia Da Vitoria,PT,2020-05-01 23:12:30,38.73,-27.07,62.6,82,75,29.1,broken clouds,0,0
227,Flin Flon,CA,2020-05-01 23:12:30,54.77,-101.86,35.6,93,90,9.17,light rain,0,0
228,Coquimbo,CL,2020-05-01 23:12:30,-29.95,-71.34,59.0,82,20,10.29,few clouds,0,0
229,Longyearbyen,SJ,2020-05-01 23:12:31,78.22,15.64,24.8,85,75,5.82,broken clouds,0,0
230,Nyurba,RU,2020-05-01 23:12:31,63.28,118.33,26.8,93,100,10.0,overcast clouds,0,0
231,Kaduna,NG,2020-05-01 23:12:31,10.52,7.44,76.78,53,100,5.03,overcast clouds,0,0
232,Georgetown,MY,2020-05-01 23:10:10,5.41,100.34,80.6,94,20,3.36,few clouds,0,0
233,Griffith,US,2020-05-01 23:12:31,41.53,-87.42,64.0,51,90,3.09,overcast clouds,0,0
234,Nouadhibou,MR,2020-05-01 23:12:31,20.93,-17.03,66.2,77,0,11.41,clear sky,0,0
235,Codrington,AU,2020-05-01 23:12:32,-38.27,141.97,50.94,75,100,22.06,light rain,0,0
236,Senador Jose Porfirio,BR,2020-05-01 23:11:04,-2.59,-51.95,77.7,92,67,3.53,moderate rain,0,0
237,Nome,US,2020-05-01 23:08:26,64.5,-165.41,39.2,55,1,16.11,clear sky,0,0
238,Kalanguy,RU,2020-05-01 23:12:32,51.02,116.52,38.89,43,100,10.27,overcast clouds,0,0
239,Iqaluit,CA,2020-05-01 23:12:32,63.75,-68.51,32.0,94,90,9.17,overcast clouds,0,0
240,Keti Bandar,PK,2020-05-01 23:12:33,24.14,67.45,80.38,83,0,13.71,clear sky,0,0
241,Kavieng,PG,2020-05-01 23:12:33,-2.57,150.8,82.71,78,100,10.16,moderate rain,0,0
242,Medgyesegyhaza,HU,2020-05-01 23:12:33,46.5,21.03,48.2,100,29,2.24,scattered clouds,0,0
243,Jizan,SA,2020-05-01 23:12:33,17.33,42.67,86.0,58,0,3.36,clear sky,0,0
244,Tezu,IN,2020-05-01 23:12:33,27.92,96.17,69.06,63,0,3.74,clear sky,0,0
245,Evensk,RU,2020-05-01 23:12:33,61.95,159.23,28.13,95,5,4.18,clear sky,0,0
246,Copiapo,CL,2020-05-01 23:12:34,-27.37,-70.33,59.0,77,75,10.29,broken clouds,0,0
247,Sao Jose Da Coroa Grande,BR,2020-05-01 23:12:34,-8.9,-35.15,79.59,83,42,6.89,scattered clouds,0,0
248,Richards Bay,ZA,2020-05-01 23:12:34,-28.78,32.04,63.59,79,50,3.89,scattered clouds,0,0
249,Opuwo,NA,2020-05-01 23:12:34,-18.06,13.84,68.29,30,0,5.77,clear sky,0,0
250,Mahebourg,MU,2020-05-01 23:12:34,-20.41,57.7,75.2,73,20,9.17,few clouds,0,0
251,Kachiry,KZ,2020-05-01 23:12:35,53.07,76.1,47.79,67,7,6.24,clear sky,0,0
252,Hambantota,LK,2020-05-01 23:12:35,6.12,81.12,80.31,84,89,9.89,overcast clouds,0,0
253,Poum,NC,2020-05-01 23:12:35,-20.23,164.02,79.25,82,7,20.22,clear sky,0,0
254,Khatanga,RU,2020-05-01 23:12:35,71.97,102.5,14.5,96,100,9.01,light snow,0,0
255,Tavda,RU,2020-05-01 23:12:36,58.04,65.27,37.78,86,98,3.91,overcast clouds,0,0
256,Saint George,US,2020-05-01 23:12:32,37.1,-113.58,91.4,11,1,11.41,clear sky,0,0
257,Clinton,US,2020-05-01 23:12:36,42.59,-82.92,63.0,39,20,9.17,few clouds,0,0
258,Acapulco,MX,2020-05-01 23:12:36,16.86,-99.89,84.2,79,5,8.05,clear sky,0,0
259,Tabou,CI,2020-05-01 23:12:36,4.42,-7.35,81.64,86,96,7.09,overcast clouds,0,0
260,Vila Velha,BR,2020-05-01 23:12:36,-20.33,-40.29,77.0,83,20,1.12,few clouds,0,0
261,Haines Junction,CA,2020-05-01 23:12:37,60.75,-137.51,42.04,50,86,5.19,overcast clouds,0,0
262,Piacabucu,BR,2020-05-01 23:12:37,-10.41,-36.43,78.57,86,100,5.3,light rain,0,0
263,Mangrol,IN,2020-05-01 23:12:37,21.12,70.12,79.59,89,0,10.69,clear sky,0,0
264,Bismil,TR,2020-05-01 23:12:37,37.85,40.67,50.0,100,40,3.36,scattered clouds,0,0
265,Coihaique,CL,2020-05-01 23:12:38,-45.58,-72.07,44.6,81,90,2.24,overcast clouds,0,0
266,Palmer,US,2020-05-01 23:12:38,42.16,-72.33,59.0,93,90,6.93,moderate rain,0,0
267,Margate,GB,2020-05-01 23:12:38,51.38,1.39,46.0,82,53,1.99,broken clouds,0,0
268,Tadine,NC,2020-05-01 23:12:38,-21.55,167.88,78.94,76,9,15.03,clear sky,0,0
269,Korla,CN,2020-05-01 23:12:38,41.76,86.15,62.01,57,1,17.25,clear sky,0,0
270,Roebourne,AU,2020-05-01 23:12:39,-20.78,117.13,65.66,28,0,13.71,clear sky,0,0
271,Aklavik,CA,2020-05-01 23:12:39,68.22,-135.01,32.0,92,40,3.36,scattered clouds,0,0
272,Egvekinot,RU,2020-05-01 23:12:39,66.32,-179.17,26.11,88,73,1.21,broken clouds,0,0
273,Port Macquarie,AU,2020-05-01 23:11:36,-31.43,152.92,61.0,61,0,6.38,clear sky,0,0
274,Grand Forks,US,2020-05-01 23:12:40,47.93,-97.03,60.8,59,75,4.7,broken clouds,0,0
275,Bucerias,MX,2020-05-01 23:12:40,20.75,-105.33,80.6,74,5,14.99,clear sky,0,0
276,Yeppoon,AU,2020-05-01 23:12:40,-23.13,150.73,66.2,39,11,3.36,few clouds,0,0
277,Salalah,OM,2020-05-01 23:12:41,17.02,54.09,84.2,89,75,8.05,broken clouds,0,0
278,Marathon,US,2020-05-01 23:12:41,44.9,-89.77,59.0,58,90,8.05,light rain,0,0
279,La Ronge,CA,2020-05-01 23:12:41,55.1,-105.28,37.4,93,90,6.93,mist,0,0
280,Kuzino,RU,2020-05-01 23:12:41,57.02,59.44,38.52,86,100,2.57,moderate rain,0,0
281,Adrar,MR,2020-05-01 23:12:41,20.5,-10.07,84.22,12,0,2.98,clear sky,0,0
282,Flensburg,DE,2020-05-01 23:12:41,54.78,9.43,45.0,93,55,11.41,broken clouds,0,0
283,Koslan,RU,2020-05-01 23:12:42,63.46,48.9,29.25,96,97,6.82,overcast clouds,0,0
284,Yeysk,RU,2020-05-01 23:12:42,46.7,38.28,57.92,61,0,5.19,clear sky,0,0
285,Novo Oriente,BR,2020-05-01 23:12:42,-5.53,-40.77,73.2,81,100,2.33,overcast clouds,0,0
286,Tiksi,RU,2020-05-01 23:12:42,71.69,128.87,18.46,95,100,8.48,overcast clouds,0,0
287,Robat Karim,IR,2020-05-01 23:12:42,35.48,51.08,59.0,77,20,4.7,few clouds,0,0
288,Labytnangi,RU,2020-05-01 23:12:43,66.66,66.42,20.16,96,98,6.4,overcast clouds,0,0
289,Bilibino,RU,2020-05-01 23:12:43,68.05,166.44,25.95,88,0,2.73,clear sky,0,0
290,Saint Anthony,US,2020-05-01 23:12:43,45.02,-93.22,77.0,27,40,18.34,scattered clouds,0,0
291,Yairipok,IN,2020-05-01 23:12:43,24.67,94.07,61.95,69,1,1.19,clear sky,0,0
292,Trairi,BR,2020-05-01 23:08:03,-3.28,-39.27,79.32,86,84,7.9,broken clouds,0,0
293,Aykhal,RU,2020-05-01 23:12:44,66.0,111.5,15.8,85,75,8.95,broken clouds,0,0
294,Knysna,ZA,2020-05-01 23:12:44,-34.04,23.05,51.8,100,25,4.7,scattered clouds,0,0
295,Flinders,AU,2020-05-01 23:12:44,-34.58,150.86,57.99,53,67,17.0,light rain,0,0
296,Belmonte,BR,2020-05-01 23:12:45,-15.86,-38.88,77.0,83,40,9.17,scattered clouds,0,0
297,Luanda,AO,2020-05-01 23:12:45,-8.84,13.23,78.8,88,40,4.7,scattered clouds,0,0
298,Bogorodskoye,RU,2020-05-01 23:12:45,56.55,37.88,33.57,84,2,6.6,clear sky,0,0
299,Komsomolskiy,UZ,2020-05-01 23:12:45,40.43,71.72,66.2,63,28,2.24,scattered clouds,0,0
300,Avera,US,2020-05-01 23:12:45,33.19,-82.53,75.2,31,1,8.05,clear sky,0,0
301,Lichinga,MZ,2020-05-01 23:12:45,-13.31,35.24,60.78,66,0,7.94,clear sky,0,0
302,Townsville,AU,2020-05-01 23:12:46,-19.25,146.8,71.01,26,43,14.99,scattered clouds,0,0
303,Half Moon Bay,US,2020-05-01 23:12:46,37.46,-122.43,73.99,59,1,12.75,clear sky,0,0
304,Ossett,GB,2020-05-01 23:12:46,53.68,-1.58,45.0,83,48,1.01,scattered clouds,0,0
305,Severobaykalsk,RU,2020-05-01 23:12:46,55.65,109.32,31.55,67,88,5.79,overcast clouds,0,0
306,Nuuk,GL,2020-05-01 23:12:46,64.18,-51.72,32.0,88,60,11.41,broken clouds,0,0
307,Port Lincoln,AU,2020-05-01 23:12:47,-34.73,135.87,60.37,73,47,19.3,scattered clouds,0,0
308,Ouallam,NE,2020-05-01 23:12:47,14.32,2.09,92.89,17,1,14.36,clear sky,0,0
309,Bend,US,2020-05-01 23:12:47,44.06,-121.32,64.4,23,20,12.75,few clouds,0,0
310,Rong Kwang,TH,2020-05-01 23:12:47,18.34,100.32,75.7,81,77,0.98,light rain,0,0
311,Viedma,AR,2020-05-01 23:12:47,-40.81,-63.0,55.53,81,88,10.16,overcast clouds,0,0
312,Moerai,PF,2020-05-01 23:12:47,-22.43,-151.33,75.2,62,56,10.67,broken clouds,0,0
313,Guerrero Negro,MX,2020-05-01 23:12:48,27.98,-114.06,71.29,60,0,15.26,clear sky,0,0
314,Pevek,RU,2020-05-01 23:12:48,69.7,170.31,25.27,92,2,12.62,clear sky,0,0
315,Eenhana,NA,2020-05-01 23:12:48,-17.47,16.33,65.97,33,0,5.46,clear sky,0,0
316,Bambous Virieux,MU,2020-05-01 23:12:48,-20.34,57.76,75.2,73,20,9.17,few clouds,0,0
317,Hibbing,US,2020-05-01 23:12:48,47.43,-92.94,48.2,87,90,11.41,moderate rain,0,0
318,Elbistan,TR,2020-05-01 23:12:49,38.21,37.2,50.09,55,86,2.89,overcast clouds,0,0
319,Luderitz,NA,2020-05-01 23:12:49,-26.65,15.16,66.6,53,64,5.3,broken clouds,0,0
320,Salamanca,ES,2020-05-01 23:09:52,40.83,-6.0,55.4,87,20,9.17,few clouds,0,0
321,Namatanai,PG,2020-05-01 23:12:49,-3.67,152.43,83.26,76,99,3.58,light rain,0,0
322,Tura,IN,2020-05-01 23:12:49,25.52,90.22,71.62,59,6,2.98,clear sky,0,0
323,Zhicheng,CN,2020-05-01 23:12:50,30.3,111.5,71.01,92,47,2.91,scattered clouds,0,0
324,High Rock,BS,2020-05-01 23:12:50,26.62,-78.28,78.8,65,20,12.75,few clouds,0,0
325,Pitimbu,BR,2020-05-01 23:12:50,-7.47,-34.81,78.8,94,20,4.7,few clouds,0,0
326,Formosa,AR,2020-05-01 23:12:50,-26.18,-58.18,64.4,100,90,3.36,overcast clouds,0,0
327,Petropavlovsk-Kamchatskiy,RU,2020-05-01 23:12:50,53.05,158.65,37.4,93,75,2.24,broken clouds,0,0
328,Liuzhou,CN,2020-05-01 23:12:51,24.31,109.39,73.36,85,29,4.43,scattered clouds,0,0
329,Shuangcheng,CN,2020-05-01 23:12:51,45.35,126.28,71.01,71,43,2.24,scattered clouds,0,0
330,Antofagasta,CL,2020-05-01 23:10:29,-23.65,-70.4,62.6,72,40,11.41,scattered clouds,0,0
331,Calbuco,CL,2020-05-01 23:11:05,-41.77,-73.13,55.4,87,100,6.93,overcast clouds,0,0
332,Maarianhamina,AX,2020-05-01 23:12:51,60.1,19.93,44.6,93,90,11.41,light intensity shower rain,0,0
333,Anloga,GH,2020-05-01 23:12:52,5.79,0.9,82.4,83,20,4.7,few clouds,0,0
334,Esna,EG,2020-05-01 23:12:52,25.29,32.55,80.6,30,0,1.25,clear sky,0,0
335,Rawson,AR,2020-05-01 23:12:52,-43.3,-65.1,55.81,79,99,17.78,overcast clouds,0,0
336,Daru,PG,2020-05-01 23:12:52,-9.08,143.21,79.52,89,99,5.3,overcast clouds,0,0
337,Banda Aceh,ID,2020-05-01 23:12:52,5.56,95.32,79.3,78,100,7.38,overcast clouds,0,0
338,North Bend,US,2020-05-01 23:12:53,43.41,-124.22,64.99,72,90,9.17,overcast clouds,0,0
339,Bratsk,RU,2020-05-01 23:12:53,56.13,101.61,33.8,86,80,3.49,broken clouds,0,0
340,Provideniya,RU,2020-05-01 23:12:53,64.38,-173.3,32.32,81,0,7.78,clear sky,0,0
341,Seoul,KR,2020-05-01 23:11:26,37.57,126.98,68.0,88,90,5.64,overcast clouds,0,0
342,Vostok,RU,2020-05-01 23:12:53,46.49,135.88,53.33,63,76,7.7,broken clouds,0,0
343,Acarau,BR,2020-05-01 23:12:53,-2.89,-40.12,79.3,88,99,9.57,overcast clouds,0,0
344,Iralaya,HN,2020-05-01 23:12:54,15.0,-83.23,87.8,66,20,5.82,few clouds,0,0
345,Khandyga,RU,2020-05-01 23:12:54,62.67,135.6,30.0,91,100,5.59,overcast clouds,0,0
346,Nemuro,JP,2020-05-01 23:12:54,43.32,145.57,48.74,84,80,18.88,broken clouds,0,0
347,Vestmannaeyjar,IS,2020-05-01 23:12:54,63.44,-20.27,42.44,65,47,6.04,scattered clouds,0,0
348,Lac-Megantic,CA,2020-05-01 23:12:55,45.58,-70.88,52.0,93,100,1.59,light rain,0,0
349,Svarstad,NO,2020-05-01 23:12:55,59.4,9.97,37.99,1,99,2.62,overcast clouds,0,0
350,Brae,GB,2020-05-01 23:12:55,60.4,-1.35,44.6,93,98,13.87,overcast clouds,0,0
351,Krasnoarmeysk,RU,2020-05-01 23:12:55,51.02,45.7,54.5,43,0,5.06,clear sky,0,0
352,Manuk Mangkaw,PH,2020-05-01 23:12:56,4.8,119.85,83.53,71,65,1.61,broken clouds,0,0
353,Meulaboh,ID,2020-05-01 23:12:56,4.14,96.13,76.32,87,100,4.07,overcast clouds,0,0
354,Waingapu,ID,2020-05-01 23:12:56,-9.66,120.26,78.62,79,11,8.37,few clouds,0,0
355,Charters Towers,AU,2020-05-01 23:12:56,-20.1,146.27,62.67,31,8,12.15,clear sky,0,0
356,Panjakent,TJ,2020-05-01 23:12:57,39.5,67.61,55.4,93,20,6.76,few clouds,0,0
357,Isangel,VU,2020-05-01 23:12:57,-19.55,169.27,82.4,78,20,5.82,few clouds,0,0
358,Lata,PT,2020-05-01 23:12:57,40.16,-8.33,62.6,93,75,3.36,broken clouds,0,0
359,Taltal,CL,2020-05-01 23:12:57,-25.4,-70.48,60.6,79,77,5.39,broken clouds,0,0
360,Tahe,CN,2020-05-01 23:12:57,52.33,124.73,35.47,56,41,19.6,scattered clouds,0,0
361,Donskoye,RU,2020-05-01 23:12:58,45.46,41.97,59.0,38,95,2.24,overcast clouds,0,0
362,Westport,US,2020-05-01 23:12:58,41.14,-73.36,61.0,82,40,8.05,light rain,0,0
363,Voh,NC,2020-05-01 23:12:58,-20.97,164.7,83.03,63,2,5.7,clear sky,0,0
364,Barra Patuca,HN,2020-05-01 23:12:59,15.8,-84.28,83.07,66,70,10.09,broken clouds,0,0
365,Am Timan,TD,2020-05-01 23:12:59,11.03,20.28,82.69,34,71,5.1,broken clouds,0,0
366,Lucapa,AO,2020-05-01 23:12:59,-8.42,20.74,67.66,68,0,1.97,clear sky,0,0
367,Ninotsminda,GE,2020-05-01 23:12:59,41.26,43.59,42.8,93,75,9.17,broken clouds,0,0
368,Batangafo,CF,2020-05-01 23:12:59,7.3,18.28,75.83,65,100,6.13,overcast clouds,0,0
369,Iquique,CL,2020-05-01 23:11:02,-20.22,-70.14,66.2,63,20,16.11,few clouds,0,0
370,Singaraja,ID,2020-05-01 23:13:00,-8.11,115.09,79.61,72,100,4.43,overcast clouds,0,0
371,Poya,NC,2020-05-01 23:13:00,-21.35,165.15,81.63,66,3,6.62,clear sky,0,0
372,Marienburg,PL,2020-05-01 23:13:00,54.04,19.03,48.0,100,100,6.82,overcast clouds,0,0
373,Kabanjahe,ID,2020-05-01 23:13:00,3.1,98.49,78.8,83,40,4.7,scattered clouds,0,0
374,Kruisfontein,ZA,2020-05-01 23:13:01,-34.0,24.73,57.4,61,59,4.61,broken clouds,0,0
375,Saskylakh,RU,2020-05-01 23:13:01,71.92,114.08,13.32,95,90,6.6,overcast clouds,0,0
376,Skeldon,GY,2020-05-01 23:13:01,5.88,-57.13,78.8,87,42,7.94,scattered clouds,0,0
377,Lebowakgomo,ZA,2020-05-01 23:13:01,-24.2,29.5,57.2,58,0,2.24,clear sky,0,0
378,Kota Bahru,MY,2020-05-01 23:13:02,6.13,102.24,77.0,100,20,2.24,few clouds,0,0
379,Tornio,FI,2020-05-01 23:13:02,65.85,24.15,37.4,55,85,8.05,overcast clouds,0,0
380,Nelson Bay,AU,2020-05-01 23:13:02,-32.72,152.15,60.01,47,7,39.15,clear sky,0,0
381,Yakeshi,CN,2020-05-01 23:13:03,49.28,120.73,42.87,41,100,9.64,overcast clouds,0,0
382,Saint Marys,US,2020-05-01 23:10:07,30.73,-81.55,78.8,26,1,16.11,clear sky,0,0
383,Vila Franca Do Campo,PT,2020-05-01 23:13:03,37.72,-25.43,62.6,88,75,24.16,broken clouds,0,0
384,Walvis Bay,NA,2020-05-01 23:13:03,-22.96,14.51,59.0,94,0,8.84,clear sky,0,0
385,Nueve De Julio,AR,2020-05-01 23:13:03,-35.44,-60.88,63.0,82,0,7.0,clear sky,0,0
386,Dzaoudzi,YT,2020-05-01 23:13:04,-12.79,45.27,80.6,83,60,9.17,broken clouds,0,0
387,Arkhara,RU,2020-05-01 23:13:04,49.42,130.08,52.83,63,10,19.62,clear sky,0,0
388,Esso,RU,2020-05-01 23:12:56,55.93,158.7,30.76,78,96,5.14,overcast clouds,0,0
389,Maceio,BR,2020-05-01 23:09:04,-9.67,-35.74,78.8,88,40,3.36,scattered clouds,0,0
390,Kapit,MY,2020-05-01 23:13:04,2.02,112.93,75.29,93,99,0.83,overcast clouds,0,0
391,Sehithwa,BW,2020-05-01 23:13:05,-20.47,22.72,62.28,21,0,6.17,clear sky,0,0
392,Gohad,IN,2020-05-01 23:13:05,26.43,78.44,83.97,29,0,6.08,clear sky,0,0
393,San Policarpo,PH,2020-05-01 23:13:05,12.18,125.51,81.36,84,38,9.44,light rain,0,0
394,Encruzilhada Do Sul,BR,2020-05-01 23:13:05,-30.54,-52.52,54.88,61,0,6.04,clear sky,0,0
395,Beaumont,US,2020-05-01 23:13:06,30.09,-94.1,80.6,47,1,11.41,clear sky,0,0
396,Valleyview,CA,2020-05-01 23:13:06,55.07,-117.29,56.5,30,24,9.13,few clouds,0,0
397,Palamos,ES,2020-05-01 23:13:06,41.85,3.13,61.0,45,59,2.21,broken clouds,0,0
398,Denia,ES,2020-05-01 23:13:06,38.84,0.11,73.0,5,60,3.0,broken clouds,0,0
399,Lazaro Cardenas,MX,2020-05-01 23:12:51,17.96,-102.2,86.02,46,0,10.65,clear sky,0,0
400,Akdepe,TM,2020-05-01 23:13:07,42.06,59.38,62.6,67,90,11.41,overcast clouds,0,0
401,Panguna,PG,2020-05-01 23:13:07,-6.32,155.48,82.02,56,57,2.42,broken clouds,0,0
402,Yuxia,CN,2020-05-01 23:13:07,34.06,108.63,73.0,66,0,4.47,clear sky,0,0
403,Santa Lucia,ES,2020-05-01 23:13:07,27.91,-15.54,68.0,77,20,20.8,few clouds,0,0
404,Bonavista,CA,2020-05-01 23:13:07,48.65,-53.11,46.99,32,76,7.0,broken clouds,0,0
405,Muli,MV,2020-05-01 23:13:08,2.92,73.57,84.65,78,16,11.79,few clouds,0,0
406,Talnakh,RU,2020-05-01 23:13:08,69.49,88.4,17.6,78,7,6.71,smoke,0,0
407,Galle,LK,2020-05-01 23:13:08,6.04,80.22,81.66,85,70,6.78,broken clouds,0,0
408,Pisco,PE,2020-05-01 23:13:08,-13.7,-76.22,71.6,73,0,19.46,clear sky,0,0
409,Kavaratti,IN,2020-05-01 23:13:09,10.57,72.64,85.1,70,41,9.84,scattered clouds,0,0
410,Mathathane,BW,2020-05-01 23:13:09,-22.27,28.75,62.8,43,0,6.98,clear sky,0,0
411,Itaituba,BR,2020-05-01 23:13:09,-4.28,-55.98,77.9,93,38,2.1,scattered clouds,0,0
412,Alyangula,AU,2020-05-01 23:13:09,-13.85,136.42,77.0,61,42,6.93,scattered clouds,0,0
413,Riyadh,SA,2020-05-01 23:13:09,24.69,46.72,80.6,34,38,6.93,scattered clouds,0,0
414,Qaqortoq,GL,2020-05-01 23:13:10,60.72,-46.03,41.0,56,43,9.17,scattered clouds,0,0
415,Qinzhou,CN,2020-05-01 23:13:10,21.95,108.62,74.34,87,3,4.14,clear sky,0,0
416,Mizdah,LY,2020-05-01 23:13:10,31.45,12.98,66.69,32,1,9.28,clear sky,0,0
417,Xining,CN,2020-05-01 23:13:10,36.62,101.77,53.8,15,0,2.21,clear sky,0,0
418,Thatta,PK,2020-05-01 23:13:10,24.75,67.92,77.81,86,0,11.99,clear sky,0,0
419,Arauca,CO,2020-05-01 23:13:11,7.08,-70.76,78.8,88,75,6.93,broken clouds,0,0
420,Bequimao,BR,2020-05-01 23:13:11,-2.45,-44.78,75.2,100,40,4.7,scattered clouds,0,0
421,Tendukheda,IN,2020-05-01 23:13:11,23.4,79.55,80.26,19,0,3.06,clear sky,0,0
422,Natal,BR,2020-05-01 23:08:41,-5.79,-35.21,80.6,88,20,4.7,few clouds,0,0
423,Talcahuano,CL,2020-05-01 23:13:00,-36.72,-73.12,55.4,87,90,5.82,overcast clouds,0,0
424,Vila,PT,2020-05-01 23:13:12,42.03,-8.16,57.0,96,100,1.99,overcast clouds,0,0
425,Juneau,US,2020-05-01 23:12:45,58.3,-134.42,53.6,50,40,5.82,scattered clouds,0,0
426,Yinchuan,CN,2020-05-01 23:13:12,38.47,106.27,77.0,6,0,4.0,clear sky,0,0
427,Konakovo,RU,2020-05-01 23:13:12,56.7,36.77,33.73,86,15,4.94,few clouds,0,0
428,Garwolin,PL,2020-05-01 23:13:13,51.9,21.61,53.01,87,100,7.34,overcast clouds,0,0
429,Long Xuyen,VN,2020-05-01 23:11:51,10.38,105.42,80.6,88,87,1.12,overcast clouds,0,0
430,Vardo,NO,2020-05-01 23:13:13,70.37,31.11,35.44,84,25,12.53,scattered clouds,0,0
431,Sivas,TR,2020-05-01 23:13:13,39.79,37.0,45.3,59,100,1.32,light rain,0,0
432,Beloha,MG,2020-05-01 23:13:14,-25.17,45.05,67.12,87,36,1.54,scattered clouds,0,0
433,Karymskoye,RU,2020-05-01 23:13:14,51.62,114.35,39.79,44,100,9.48,overcast clouds,0,0
434,Ondangwa,NA,2020-05-01 23:13:14,-17.92,15.95,71.11,28,0,9.26,clear sky,0,0
435,Zeya,RU,2020-05-01 23:13:14,53.75,127.27,35.26,69,54,22.15,broken clouds,0,0
436,Same,TZ,2020-05-01 23:13:14,-4.07,37.73,66.45,75,61,3.69,broken clouds,0,0
437,Warri,NG,2020-05-01 23:13:15,5.52,5.75,78.22,92,79,3.24,broken clouds,0,0
438,Niquelandia,BR,2020-05-01 23:13:15,-14.47,-48.46,70.43,64,0,2.39,clear sky,0,0
439,Biak,ID,2020-05-01 23:13:15,-0.91,122.88,78.75,75,91,4.92,overcast clouds,0,0
440,Karratha,AU,2020-05-01 23:13:16,-20.74,116.85,64.4,29,0,13.49,clear sky,0,0
441,Babstovo,RU,2020-05-01 23:13:16,48.12,132.48,58.71,60,0,9.64,clear sky,0,0
442,Whitehorse,CA,2020-05-01 23:13:16,60.72,-135.05,48.2,31,75,9.17,broken clouds,0,0
443,Darhan,MN,2020-05-01 23:13:16,49.49,105.92,46.13,62,100,21.65,light rain,0,0
444,Burnie,AU,2020-05-01 23:13:17,-41.07,145.92,51.01,76,100,15.01,light rain,0,0
445,Veinticinco De Mayo,AR,2020-05-01 23:13:17,-35.43,-60.17,63.0,82,8,7.0,clear sky,0,0
446,Olafsvik,IS,2020-05-01 23:13:17,64.89,-23.71,33.73,85,0,13.85,clear sky,0,0
447,Melnikovo,RU,2020-05-01 23:13:17,56.56,84.08,44.01,86,50,7.0,scattered clouds,0,0
448,Himensulan,PH,2020-05-01 23:13:17,10.6,124.28,77.0,83,75,5.82,broken clouds,0,0
449,Garowe,SO,2020-05-01 23:12:47,8.41,48.48,84.4,51,12,11.36,few clouds,0,0
450,Fernley,US,2020-05-01 23:13:18,39.61,-119.25,71.01,19,14,3.0,few clouds,0,0
451,Solginskiy,RU,2020-05-01 23:13:18,61.05,41.34,26.64,97,81,1.01,broken clouds,0,0
452,Los Llanos De Aridane,ES,2020-05-01 23:12:55,28.66,-17.92,68.0,72,90,10.29,overcast clouds,0,0
453,Geraldton,AU,2020-05-01 23:13:18,-28.77,114.6,60.8,36,0,21.92,clear sky,0,0
454,Togur,RU,2020-05-01 23:13:19,58.36,82.83,44.94,92,99,10.02,overcast clouds,0,0
455,Northam,GB,2020-05-01 23:12:42,51.03,-4.22,48.99,87,9,5.01,clear sky,0,0
456,Ossora,RU,2020-05-01 23:13:20,59.24,163.07,29.64,96,0,5.37,clear sky,0,0
457,Loandjili,CG,2020-05-01 23:13:20,-4.76,11.86,78.53,90,72,3.53,broken clouds,0,0
458,Bolokhovo,RU,2020-05-01 23:13:20,54.09,37.82,39.99,74,40,10.07,scattered clouds,0,0
459,Sovetskiy,RU,2020-05-01 23:13:21,61.36,63.58,34.02,88,67,1.07,broken clouds,0,0
460,Tuatapere,NZ,2020-05-01 23:13:19,-46.13,167.68,56.98,71,100,5.86,overcast clouds,0,0
461,Loughton,GB,2020-05-01 23:13:21,52.03,-0.79,46.0,79,22,10.38,few clouds,0,0
462,Marzuq,YE,2020-05-01 23:13:21,14.4,46.47,78.01,41,91,6.38,overcast clouds,0,0
463,Stromness,GB,2020-05-01 23:13:21,58.97,-3.3,46.4,93,91,16.11,overcast clouds,0,0
464,Boende,CD,2020-05-01 23:13:22,-0.22,20.87,72.05,87,87,0.96,overcast clouds,0,0
465,San Jeronimo,PE,2020-05-01 23:12:53,-11.95,-75.28,51.49,28,44,4.03,light rain,0,0
466,Berlevag,NO,2020-05-01 23:13:22,70.86,29.09,31.21,94,21,11.61,few clouds,0,0
467,Luena,AO,2020-05-01 23:13:23,-11.78,19.92,60.24,45,0,4.85,clear sky,0,0
468,Krasnooktyabrskiy,RU,2020-05-01 23:13:23,44.93,38.37,51.8,71,62,2.24,broken clouds,0,0
469,Blagoveshchenka,RU,2020-05-01 23:13:23,52.83,79.87,50.5,81,7,8.3,clear sky,0,0
470,Abha,SA,2020-05-01 23:13:24,18.22,42.51,66.2,82,20,0.11,few clouds,0,0
471,Agropoli,IT,2020-05-01 23:13:24,40.35,15.0,62.01,91,99,5.75,overcast clouds,0,0
472,Winthrop,US,2020-05-01 23:12:57,42.38,-70.98,64.0,87,75,6.93,broken clouds,0,0
473,Itanagar,IN,2020-05-01 23:13:24,27.1,93.62,68.47,63,0,3.36,clear sky,0,0
474,Hofn,IS,2020-05-01 23:12:55,64.25,-15.21,36.66,81,86,4.16,overcast clouds,0,0
475,Caravelas,BR,2020-05-01 23:13:25,-17.71,-39.25,74.28,87,15,4.18,few clouds,0,0
476,Saint-Pierre,RE,2020-05-01 23:13:25,-21.34,55.48,69.8,73,57,6.93,broken clouds,0,0
477,Gadwal,IN,2020-05-01 23:09:07,16.23,77.8,85.64,38,32,5.37,scattered clouds,0,0
478,Puerto Palomas,MX,2020-05-01 23:13:25,31.77,-107.62,93.2,7,1,18.34,clear sky,0,0
479,Bam,IR,2020-05-01 23:13:26,29.11,58.36,74.17,31,14,4.99,few clouds,0,0
480,Vredendal,ZA,2020-05-01 23:13:27,-31.67,18.5,65.16,36,9,3.04,clear sky,0,0
481,Lianran,CN,2020-05-01 23:13:27,24.92,102.48,59.0,93,35,8.95,scattered clouds,0,0
482,Harrisonburg,US,2020-05-01 23:11:52,38.45,-78.87,57.99,54,90,6.93,overcast clouds,0,0
483,Tuensang,IN,2020-05-01 23:13:28,26.28,94.83,61.97,61,0,2.46,clear sky,0,0
484,Shuyskoye,RU,2020-05-01 23:13:29,59.37,41.03,28.26,97,3,3.58,clear sky,0,0
485,Effium,NG,2020-05-01 23:13:29,6.63,8.06,77.56,78,9,3.36,light rain,0,0
486,Tromso,NO,2020-05-01 23:13:29,69.65,18.96,33.8,91,75,8.05,light rain,0,0
487,Taoudenni,ML,2020-05-01 23:13:30,22.68,-3.98,86.9,15,0,9.22,clear sky,0,0
488,Panama City,PA,2020-05-01 23:09:07,8.99,-79.52,89.6,66,20,11.41,few clouds,0,0
489,Mount Isa,AU,2020-05-01 23:12:29,-20.73,139.5,59.0,33,43,13.87,scattered clouds,0,0
490,New Glasgow,CA,2020-05-01 23:13:30,45.58,-62.65,53.01,91,100,15.99,overcast clouds,0,0
491,Murbad,IN,2020-05-01 23:13:31,19.25,73.4,84.2,79,20,2.15,haze,0,0
492,Yerbogachen,RU,2020-05-01 23:13:31,61.28,108.01,30.56,77,0,4.07,clear sky,0,0
493,Navahrudak,BY,2020-05-01 23:13:31,53.6,25.83,42.49,88,37,11.59,scattered clouds,0,0
494,Selkirk,CA,2020-05-01 23:11:23,50.14,-96.88,53.6,87,90,16.11,light intensity shower rain,0,0
495,Ardakan,IR,2020-05-01 23:13:32,32.31,54.02,64.4,39,20,2.24,few clouds,0,0
496,Manono,CD,2020-05-01 23:13:32,-7.3,27.42,70.02,77,28,3.06,scattered clouds,0,0
497,Campbell River,CA,2020-05-01 23:12:37,50.02,-125.24,55.99,62,75,8.05,shower rain,0,0
498,Matara,LK,2020-05-01 23:13:33,5.95,80.54,79.14,90,71,6.4,broken clouds,0,0
499,Biltine,TD,2020-05-01 23:13:33,14.53,20.92,84.74,11,3,8.93,clear sky,0,0
500,Bairiki,KI,2020-05-01 23:13:33,1.33,172.98,86.0,79,40,11.41,scattered clouds,0,0
501,Port Augusta,AU,2020-05-01 23:13:33,-32.5,137.77,55.4,82,4,10.29,clear sky,0,0
502,Doembang Nangbuat,TH,2020-05-01 23:13:33,14.83,100.1,82.99,78,100,4.21,overcast clouds,0,0
503,Marsh Harbour,BS,2020-05-01 23:12:46,26.54,-77.06,74.03,70,40,16.64,scattered clouds,0,0
504,Surt,LY,2020-05-01 23:13:34,31.21,16.59,64.0,69,0,2.51,clear sky,0,0
505,Chara,RU,2020-05-01 23:13:35,56.91,118.26,27.75,67,32,4.79,scattered clouds,0,0
506,Saint-Francois,FR,2020-05-01 23:13:35,46.42,3.91,55.4,71,75,9.17,broken clouds,0,0
507,Biu,NG,2020-05-01 23:13:35,10.61,12.19,80.83,48,54,7.83,broken clouds,0,0
508,Iskateley,RU,2020-05-01 23:13:35,67.68,53.15,22.64,97,96,6.42,overcast clouds,0,0
509,Genova,IT,2020-05-01 23:13:36,44.5,9.07,55.99,92,82,4.0,broken clouds,0,0
510,Mezen,RU,2020-05-01 23:13:36,65.85,44.24,25.34,98,100,6.44,overcast clouds,0,0
511,Lerwick,GB,2020-05-01 23:13:36,60.15,-1.15,46.4,93,99,12.75,overcast clouds,0,0
512,Ngunguru,NZ,2020-05-01 23:13:37,-35.62,174.5,66.99,84,97,15.01,light rain,0,0
513,Calderitas,MX,2020-05-01 23:13:37,18.55,-88.25,87.8,66,40,16.11,scattered clouds,0,0
514,Thinadhoo,MV,2020-05-01 23:13:37,0.53,72.93,84.79,76,47,11.32,light rain,0,0
515,Vaitape,PF,2020-05-01 23:13:37,-16.52,-151.75,83.23,76,4,10.13,clear sky,0,0
516,Bud,US,2020-05-01 23:13:16,39.45,-86.18,64.99,39,1,3.53,clear sky,0,0
517,Kudahuvadhoo,MV,2020-05-01 23:13:38,2.67,72.89,84.65,78,3,12.41,clear sky,0,0
518,Porto Novo,BJ,2020-05-01 23:11:11,6.5,2.6,82.17,79,98,6.73,overcast clouds,0,0
519,Halden,NO,2020-05-01 23:13:39,59.12,11.39,43.0,86,94,2.24,overcast clouds,0,0
520,Sept-Iles,CA,2020-05-01 23:10:53,50.2,-66.38,39.99,100,90,8.05,moderate rain,0,0
521,Yambio,SS,2020-05-01 23:13:39,4.57,28.4,68.13,81,100,4.21,overcast clouds,0,0
522,Petatlan,MX,2020-05-01 23:13:40,17.52,-101.27,87.8,62,5,10.29,clear sky,0,0
523,Bon Accord,CA,2020-05-01 23:13:41,53.83,-113.42,60.01,32,20,10.29,few clouds,0,0
524,Honningsvag,NO,2020-05-01 23:13:41,70.98,25.97,35.83,83,43,11.05,scattered clouds,0,0
525,Muzhi,RU,2020-05-01 23:13:41,65.37,64.67,20.7,97,83,7.11,broken clouds,0,0
526,Lyndon,US,2020-05-01 23:13:42,38.26,-85.6,72.0,28,1,3.36,clear sky,0,0
527,Aketi,CD,2020-05-01 23:13:42,2.74,23.78,69.35,88,67,1.72,broken clouds,0,0
528,Sinnamary,GF,2020-05-01 23:13:42,5.38,-52.95,79.25,84,99,10.8,overcast clouds,0,0
529,Tupik,RU,2020-05-01 23:13:43,54.43,119.93,33.84,51,0,10.4,clear sky,0,0
530,Ati,TD,2020-05-01 23:13:43,13.22,18.34,88.2,25,59,8.32,broken clouds,0,0
531,Plettenberg Bay,ZA,2020-05-01 23:13:43,-34.05,23.37,62.67,58,24,2.42,few clouds,0,0
532,Kungalv,SE,2020-05-01 23:13:44,57.87,11.98,44.01,94,77,1.61,broken clouds,0,0
533,Glencoe,ZA,2020-05-01 23:13:44,-28.18,30.15,50.38,43,60,1.5,broken clouds,0,0
534,Samarai,PG,2020-05-01 23:13:44,-10.62,150.67,82.8,81,33,12.41,light rain,0,0
535,Zhuhai,CN,2020-05-01 23:13:45,22.28,113.57,75.2,88,20,2.24,few clouds,0,0
536,Blagoyevo,RU,2020-05-01 23:13:45,63.37,47.92,27.88,98,76,5.84,broken clouds,0,0
537,Bilma,NE,2020-05-01 23:13:41,18.69,12.92,89.31,11,4,20.13,clear sky,0,0
538,Monopoli,IT,2020-05-01 23:13:45,40.96,17.29,63.0,62,75,11.41,broken clouds,0,0
539,Kholodnyy,RU,2020-05-01 23:13:45,62.72,147.95,26.38,82,100,2.33,overcast clouds,0,0
540,Bacalar,MX,2020-05-01 23:13:46,18.67,-88.38,87.8,66,40,16.11,scattered clouds,0,0
541,Amapa,BR,2020-05-01 23:13:46,1.0,-52.0,74.44,94,100,5.12,heavy intensity rain,0,0
542,Morris,US,2020-05-01 23:13:47,40.83,-74.53,64.99,59,90,9.17,overcast clouds,0,0
543,Ankazoabo,MG,2020-05-01 23:13:47,-22.28,44.52,67.05,72,0,7.61,clear sky,0,0
544,Tabuk,PH,2020-05-01 23:13:47,17.42,121.44,76.87,77,28,4.36,scattered clouds,0,0
545,Ponta Delgada,PT,2020-05-01 23:13:48,37.73,-25.67,62.6,88,75,24.16,broken clouds,0,0
546,Portland,US,2020-05-01 23:12:34,45.52,-122.68,62.01,55,95,3.0,light rain,0,0
547,Kahramanmaras,TR,2020-05-01 23:13:48,38.0,37.0,48.2,93,75,5.82,broken clouds,0,0
548,Bubaque,GW,2020-05-01 23:13:49,11.28,-15.83,79.84,81,4,15.95,clear sky,0,0
549,Bhinga,IN,2020-05-01 23:13:49,27.72,81.93,78.01,47,18,3.0,few clouds,0,0
550,Agogo,GH,2020-05-01 23:11:50,6.8,-1.08,76.1,71,56,6.8,broken clouds,0,0
551,Terrace,CA,2020-05-01 23:13:51,54.52,-128.6,60.8,38,75,6.93,broken clouds,0,0
552,Puerto Rico,AR,2020-05-01 23:13:52,-26.8,-55.02,64.92,93,96,1.9,overcast clouds,0,0
553,Orange,US,2020-05-01 23:13:09,33.7,-117.77,77.0,53,20,11.41,few clouds,0,0
554,Jacmel,HT,2020-05-01 23:13:52,18.23,-72.53,79.43,73,72,4.05,broken clouds,0,0
555,Chernyshevskiy,RU,2020-05-01 23:13:52,63.01,112.47,24.06,89,71,7.61,broken clouds,0,0
556,Ishigaki,JP,2020-05-01 23:13:52,24.34,124.16,75.2,100,75,10.29,broken clouds,0,0
557,Dunedin,NZ,2020-05-01 23:13:39,-45.87,170.5,55.0,68,64,1.99,broken clouds,0,0
558,Aromashevo,RU,2020-05-01 23:13:53,56.86,68.64,39.81,82,26,5.95,scattered clouds,0,0
559,Jumla,NP,2020-05-01 23:13:05,29.27,82.18,48.07,33,36,2.39,scattered clouds,0,0
560,Sorland,NO,2020-05-01 23:13:53,67.67,12.69,40.37,73,61,15.95,broken clouds,0,0
561,Agadez,NE,2020-05-01 23:13:53,19.75,10.25,85.6,12,21,16.24,few clouds,0,0
562,Rodionovo-Nesvetayskaya,RU,2020-05-01 23:13:54,47.61,39.71,52.0,66,0,2.8,clear sky,0,0
563,Nawa,IN,2020-05-01 23:13:54,27.02,75.0,87.26,19,0,18.79,clear sky,0,0
564,Raudeberg,NO,2020-05-01 23:13:54,61.99,5.14,41.0,93,100,5.12,light rain,0,0
565,Padang,ID,2020-05-01 23:13:55,-0.95,100.35,77.59,76,100,6.67,overcast clouds,0,0
